ID,Usia,Penghasilan,Rating,Review,Frekuensi,Jenis_Kelamin,Latitude,Longitude
1,56,9882,1,Biasa,1,Wanita,36.37934174048267,-166.17568416251595
2,69,4906,3,Luar Biasa,6,Wanita,-30.35660062746293,-47.429961337752076
3,46,6086,1,Biasa,6,Wanita,31.61932239727315,172.45146268500025
4,32,16503,4,Luar Biasa,21,Pria,-18.731299284729033,-28.534837475297962
5,60,11152,5,Buruk,16,Pria,46.12568245603819,0.7003458474630122
6,25,8750,1,Buruk,29,Wanita,-8.246940707392909,147.57485693749868
7,38,15772,4,Buruk,5,Pria,-15.789648990300194,78.21427531167228
8,56,13267,2,Buruk,17,Pria,78.25138478789418,29.545247204720482
9,36,4062,4,Bagus,10,Wanita,-44.84176201967396,107.2096852827861
10,40,9229,5,Bagus,28,Pria,-68.31947880061823,131.17185592415035
11,28,19509,4,Jelek,21,Wanita,15.217760386702466,-15.520294174583938
12,28,18147,3,Biasa,18,Pria,84.47792621115221,-8.960988624539254
13,41,7632,5,Luar Biasa,7,Pria,-21.9889415291064,-41.021663165339106
14,53,9288,2,Luar Biasa,3,Pria,-78.83338254681932,168.01421040664582
15,57,6596,3,Bagus,13,Wanita,-28.925051884277856,70.97985154452616
16,41,14475,4,Luar Biasa,15,Pria,1.0676977775205216,-150.03969616509397
17,20,9168,5,Bagus,20,Pria,-60.85385880620153,130.66546439268666
18,39,12795,2,Jelek,19,Wanita,28.45839925016857,-6.998421298943498
19,19,10561,3,Biasa,3,Wanita,89.59489002183611,-155.2485936879045
20,41,11258,2,Jelek,4,Pria,-8.686894323340113,17.898211858791967
21,61,19616,4,Buruk,5,Wanita,-26.148859788561722,-29.820859568747267
22,47,9371,2,Buruk,1,Pria,-17.873249969796007,135.98978575054497
23,55,17369,1,Buruk,4,Pria,-69.27368788886379,-106.56194270062055
24,19,15910,3,Jelek,12,Wanita,68.98924825672029,117.52725941718586
25,38,10943,2,Luar Biasa,28,Wanita,-15.331382006156645,20.767928826762983
26,50,15199,4,Biasa,27,Wanita,-20.29060594352856,-160.34029084315114
27,29,18728,4,Buruk,24,Pria,28.744249127485375,169.86430847717446
28,39,9738,2,Buruk,10,Wanita,-10.433984232397762,4.5414878771519795
29,61,18913,4,Buruk,23,Pria,26.68202438541229,-75.2843324766303
30,42,5472,5,Biasa,25,Wanita,-78.93966777645825,-11.01353688386709
31,66,18679,5,Buruk,21,Pria,56.47020187000095,128.82880206629602
32,44,4761,5,Biasa,29,Wanita,79.29071151829245,-70.23487522137714
33,59,13167,1,Buruk,26,Pria,26.777769508689474,-110.63649726478789
34,45,13554,2,Jelek,20,Wanita,81.82186719458593,-133.53435110488266
35,33,17277,1,Jelek,24,Pria,-62.74218341340661,-72.77061657952395
36,32,6812,4,Biasa,25,Wanita,-4.0650858935363345,100.81731133441565
37,64,4605,1,Jelek,13,Wanita,18.3252121101805,-10.214508529705796
38,68,8622,4,Biasa,23,Pria,14.712596535813603,-98.1066226703256
39,61,9767,4,Jelek,14,Wanita,-17.736879763972212,-120.17340014049029
40,69,14613,3,Jelek,23,Pria,-29.14480631407295,-60.21738845626352
41,20,13589,5,Biasa,5,Pria,-67.17167594092462,158.3727742388552
42,54,16918,4,Luar Biasa,4,Wanita,-19.48635889878993,-56.510383467591225
43,68,16046,3,Jelek,14,Pria,-60.72105328101267,175.72466734366873
44,24,5590,5,Buruk,10,Wanita,42.18582176859931,-5.3170359244717815
45,38,7324,4,Luar Biasa,17,Wanita,-52.4104316109738,-115.50098941554569
46,26,13787,4,Biasa,10,Pria,-79.45824504878391,140.8104330456634
47,56,12111,1,Luar Biasa,26,Wanita,9.425904807102171,-14.272065671462315
48,35,8342,1,Bagus,7,Pria,17.141351889492284,75.48168366162881
49,21,19389,5,Bagus,16,Pria,66.94435103049099,174.13616995529463
50,42,11659,4,Jelek,1,Wanita,13.85669023518274,-161.93687388480936
51,31,17043,2,Jelek,17,Wanita,-27.813446329779772,-145.18995847647582
52,67,11837,1,Buruk,21,Pria,54.542138674737686,79.36442692659222
53,26,3117,5,Luar Biasa,29,Pria,7.250200773735784,-78.54299881363008
54,43,16917,4,Bagus,9,Wanita,-75.72954876638549,-113.65149709796434
55,19,17309,4,Jelek,6,Wanita,11.853100856384401,-165.82972326489738
56,37,16234,2,Luar Biasa,19,Wanita,73.44333817589924,-172.13518368496736
57,45,8560,5,Jelek,13,Wanita,-18.663727410320305,98.81481712312473
58,64,3846,4,Jelek,3,Pria,-36.66135565803599,-131.603966146962
59,24,13954,1,Bagus,7,Wanita,-64.1754977367564,-11.620578250385677
60,61,16703,2,Bagus,22,Pria,-62.73980605163568,38.12285346461388
61,25,18385,5,Jelek,9,Pria,-12.101132818472593,-25.793351795215358
62,64,16746,2,Biasa,22,Wanita,17.22236834907531,-170.24160515895608
63,52,9469,1,Jelek,5,Pria,-75.48922706947168,102.06054093164721
64,31,12333,5,Jelek,10,Wanita,79.12234602452983,-176.21523916500473
65,34,19608,2,Buruk,23,Pria,45.924051140135276,94.28036197589427
66,53,15819,3,Buruk,17,Wanita,15.592305291059276,141.58961776372416
67,67,7208,1,Buruk,12,Pria,59.118960769018344,-24.17762841941797
68,57,9283,1,Biasa,23,Pria,-75.56638377381961,12.795290315207353
69,21,5048,1,Biasa,16,Wanita,-4.169002008037609,-8.285978657644648
70,19,9233,3,Jelek,3,Wanita,23.41676283509942,-39.88489729556204
71,23,15941,3,Buruk,25,Pria,59.15752310129207,139.4728327333297
72,59,15607,4,Biasa,22,Pria,51.024520808868175,141.81606384119658
73,21,12765,2,Bagus,9,Wanita,-40.12753505158807,-59.10610872904758
74,46,4828,4,Jelek,29,Pria,79.35843052065678,41.425111445291265
75,35,4917,2,Luar Biasa,15,Wanita,-67.61774854244334,153.6867223725111
76,43,9988,3,Jelek,5,Pria,67.52405135180737,166.34105961888656
77,61,17594,3,Luar Biasa,23,Wanita,84.76924492883134,3.2252545519371267
78,51,15977,4,Buruk,13,Pria,-58.1123658199274,-16.983070097642354
79,27,3009,5,Luar Biasa,14,Wanita,39.971891556681356,-79.67004626573072
80,53,19644,4,Buruk,20,Wanita,-82.74860661996027,165.19387434854758
81,31,12865,2,Bagus,15,Pria,-17.02389147495211,-128.58685038976773
82,48,5219,4,Luar Biasa,16,Wanita,2.9309938555813204,28.738647377180996
83,65,10041,1,Jelek,23,Pria,14.516140663734134,-78.28190369329
84,32,8287,2,Buruk,13,Wanita,78.46870468474071,-79.55701547479322
85,25,4619,2,Jelek,17,Wanita,31.00512371295504,-34.21130854457215
86,31,11512,5,Biasa,23,Wanita,-3.3699687805373344,179.56545689363566
87,40,4342,3,Buruk,8,Pria,55.74150652786008,-160.21212953766405
88,57,13568,2,Luar Biasa,21,Wanita,81.0959077717936,28.27505455327133
89,38,17231,3,Buruk,2,Pria,-86.02809323718765,-150.27402310730022
90,33,6490,4,Jelek,5,Wanita,86.85382900608695,-124.37250120341318
91,62,12310,1,Bagus,6,Pria,-74.49621496853754,-21.757340961756483
92,35,10984,5,Buruk,12,Pria,56.58962026837705,3.765647284718881
93,64,15219,3,Luar Biasa,18,Pria,-39.53974454074575,-86.83473298877136
94,41,3235,2,Biasa,22,Wanita,-66.20766160430308,-66.07543288521018
95,43,13161,3,Bagus,22,Pria,-10.825984851509716,-148.6918727078641
96,42,4908,2,Biasa,1,Wanita,25.91218430057043,-70.8408778160698
97,62,11567,3,Buruk,17,Pria,-21.428667895774495,167.96103817699588
98,58,6530,2,Jelek,11,Pria,-80.17822650911418,160.0946574020934
99,46,8256,4,Jelek,10,Pria,17.903005138568986,-59.4438155506854
100,32,11162,2,Luar Biasa,19,Pria,72.43258969992144,25.507417060354157
101,62,8415,2,Jelek,14,Wanita,-21.0212341294947,147.45434079993998
102,18,6391,1,Bagus,26,Pria,-51.06010002645113,-177.7738238492772
103,42,14157,2,Jelek,10,Pria,-10.33607773209323,111.84608532153305
104,24,8951,1,Luar Biasa,15,Wanita,-81.29471201121945,161.41303900401084
105,26,11007,5,Buruk,28,Pria,57.687765206449455,-147.12273563991945
106,41,12064,1,Buruk,19,Pria,58.74134597103361,-121.87883302814842
107,18,18524,4,Jelek,4,Pria,15.840083417333119,165.86866899768796
108,61,3077,1,Biasa,2,Pria,-26.441479991089892,13.514451710524668
109,25,10577,5,Buruk,9,Wanita,53.96100560024101,-174.88921159017946
110,41,19984,4,Jelek,10,Wanita,9.843664461906087,-87.2524804451295
111,28,17060,3,Luar Biasa,28,Pria,58.66781553900293,-18.020277263210545
112,68,13535,3,Jelek,11,Wanita,23.662582664943713,69.44720796891636
113,34,12510,1,Buruk,14,Wanita,51.1929851783035,83.93773612924787
114,25,9943,1,Luar Biasa,7,Pria,17.741338779196795,178.3517446531642
115,52,14954,5,Jelek,23,Wanita,-15.454607721180082,-76.49596822184675
116,52,10804,5,Bagus,15,Pria,82.43025478670475,13.759236672651099
117,50,9565,2,Luar Biasa,22,Wanita,7.4004884781920595,11.99647722945781
118,22,8984,5,Bagus,19,Wanita,18.916113337296906,-33.96770659899451
119,59,7670,2,Biasa,22,Wanita,-50.31222490534513,-119.10171821672873
120,56,12184,4,Luar Biasa,15,Pria,22.61714209690976,171.88436274618334
121,58,5192,1,Bagus,28,Wanita,12.889376906929897,127.194187199971
122,45,4248,4,Buruk,24,Pria,-56.72908836953551,-0.6001098140746137
123,24,14246,5,Buruk,8,Pria,-79.27432247643414,37.16835216625074
124,26,15790,4,Biasa,11,Wanita,18.78467754865879,-98.18602071852158
125,25,6687,4,Luar Biasa,29,Pria,47.4646084830577,15.763345341028895
126,29,7018,4,Luar Biasa,9,Wanita,4.212246765961481,70.1892479237313
127,51,14302,5,Luar Biasa,15,Pria,-49.180927442463776,5.460130219171958
128,50,4970,4,Biasa,1,Pria,29.973955804746282,176.50266141057887
129,65,11389,2,Luar Biasa,1,Wanita,-75.58096921027159,40.082996249181434
130,40,18374,5,Buruk,19,Wanita,-10.469933135648176,-46.44946346681914
131,41,8788,4,Bagus,3,Wanita,-60.593983488284366,97.9747299417017
132,54,8408,5,Buruk,10,Wanita,-56.79737080922099,-118.63349583060887
133,52,12446,3,Buruk,8,Pria,-53.587089151523344,-41.57430706574405
134,61,3922,2,Bagus,15,Pria,-20.39272973208398,-55.0947778640691
135,57,3419,4,Buruk,10,Pria,-80.79296298832843,-24.54944576120019
136,39,13789,3,Biasa,1,Wanita,-18.39718063276233,101.44073733434146
137,44,4120,3,Bagus,29,Pria,2.107340480646158,-5.697708421173303
138,52,14260,5,Buruk,18,Wanita,-3.0070287060614618,105.84520209574657
139,18,5336,3,Jelek,2,Pria,-21.098861927452703,27.536005130351725
140,52,8373,2,Buruk,19,Wanita,61.04638945273544,-56.855003523280075
141,54,5243,2,Biasa,13,Pria,-63.84119536430926,111.5923477260501
142,64,7612,1,Luar Biasa,22,Pria,1.0254138806473208,-94.21571860088703
143,31,16946,2,Buruk,1,Wanita,-78.83254494782022,-99.22212727207362
144,20,14104,3,Luar Biasa,2,Pria,-77.19197780197625,1.621052659740883
145,18,16429,2,Jelek,29,Wanita,13.295852941877342,-86.09427145364799
146,22,9371,5,Buruk,16,Pria,11.883316479807775,-176.72866741756212
147,43,9359,1,Bagus,15,Pria,68.04603231200224,53.38710982756854
148,31,10863,3,Luar Biasa,13,Wanita,10.417261618813171,3.993775730063277
149,56,6228,1,Jelek,16,Wanita,82.76238367287303,-19.613586782461965
150,44,17382,3,Bagus,17,Pria,-81.23492728801264,168.10866526259355
151,26,5891,5,Bagus,21,Pria,-72.35861673946661,25.63170622664893
152,32,6756,1,Bagus,29,Pria,-82.06814491733135,130.8353680041784
153,32,18770,4,Bagus,29,Pria,-56.650166939962794,-129.79791496614234
154,43,19478,3,Buruk,7,Pria,7.428619969502051,24.91432672659397
155,59,5674,4,Buruk,24,Pria,26.20299265693704,132.47266562312507
156,30,9898,1,Buruk,26,Wanita,-81.79467156923961,29.91807262076327
157,68,13147,4,Jelek,17,Wanita,80.27476017220786,78.48510412572057
158,49,3793,4,Jelek,7,Wanita,61.58976779706859,-46.064315587605336
159,56,5116,1,Jelek,13,Pria,-36.60975321172324,-146.71817386665603
160,66,8779,5,Biasa,5,Pria,-76.10624455923576,-15.155893754254294
161,69,15298,4,Jelek,26,Pria,-59.42032682056969,-37.987419298011304
162,49,17153,4,Buruk,17,Wanita,-67.15000552410493,132.14166565642103
163,21,14111,5,Buruk,3,Wanita,-67.80891972618957,-92.16169115311
164,47,13789,4,Biasa,7,Pria,3.341103959832111,168.02432191263892
165,54,14397,4,Biasa,26,Pria,-45.74746035118795,164.9297231296186
166,40,15999,4,Jelek,17,Wanita,-25.534851024754005,-90.85260849428207
167,56,3814,2,Luar Biasa,7,Wanita,88.11096000917803,-54.70129602816462
168,62,19729,5,Biasa,21,Wanita,33.176564806562055,142.4000667145986
169,32,13541,4,Bagus,1,Pria,80.81652006846025,167.9839995225987
170,60,5443,5,Buruk,17,Pria,-64.3398200940392,-20.361922979024143
171,46,13457,3,Bagus,17,Pria,-21.214894530137528,-64.44106356927679
172,53,13380,3,Buruk,11,Wanita,9.851724590823764,9.39384477055512
173,30,10783,4,Buruk,25,Wanita,-76.18354886002716,67.59691429166452
174,49,14473,5,Biasa,27,Pria,-89.24626014696759,-81.54917446500727
175,24,18328,5,Biasa,29,Pria,30.678180083445156,85.1303428628662
176,68,3827,5,Bagus,3,Wanita,25.527513024258354,-161.40335143872923
177,39,10147,2,Buruk,15,Pria,-16.058014200069877,-162.2539826048101
178,45,7451,3,Bagus,29,Wanita,-1.8640663142341225,-40.936426147603726
179,19,18343,5,Luar Biasa,21,Wanita,-15.220259893423872,-52.74965085814058
180,59,16635,5,Bagus,11,Pria,-85.67909192792001,-66.37204246782518
181,62,8959,2,Jelek,26,Wanita,-29.633110880856762,-3.232885439192387
182,23,3126,2,Bagus,28,Pria,-58.125194028487826,-64.53591036783436
183,45,11795,5,Jelek,16,Wanita,-72.28364596175362,-110.7871493514869
184,45,14641,1,Jelek,25,Wanita,82.20967810008295,-68.59096232810367
185,61,10196,5,Jelek,22,Pria,17.884750507589814,170.9655382116846
186,61,14559,5,Luar Biasa,28,Wanita,41.15813116258849,-31.9991698818545
187,37,6368,2,Bagus,9,Pria,-33.23452621209885,-19.90340033099912
188,47,6797,2,Bagus,24,Pria,-19.23351669107727,27.556196382410405
189,28,18114,5,Luar Biasa,24,Wanita,-47.353681098589774,174.00267662912154
190,45,16718,5,Buruk,1,Pria,-72.54617922622354,-93.02354048312532
191,42,4792,5,Biasa,29,Pria,-57.774305260514915,65.26155979167618
192,56,14053,2,Bagus,25,Pria,53.55252815336746,77.7544896750207
193,50,6476,5,Biasa,22,Pria,31.958244933079655,38.636790045503744
194,18,6417,5,Luar Biasa,16,Pria,8.447197677385844,-148.11179773080812
195,44,4645,4,Buruk,9,Pria,-4.483822883981745,63.67401929792754
196,69,17755,1,Buruk,19,Wanita,76.03817105810239,-156.92590402697684
197,30,6072,3,Buruk,12,Pria,-76.90770939983969,34.611353837962895
198,58,4854,1,Luar Biasa,19,Wanita,-39.491853617175124,86.24922379982735
199,20,7662,4,Jelek,22,Wanita,-27.01118635727147,-104.05083937681785
200,56,9514,3,Jelek,9,Pria,50.83664619830182,122.98392271539865
201,23,5708,5,Biasa,7,Wanita,88.65263162915485,-169.07263000811847
202,25,14694,4,Jelek,14,Wanita,-46.67930734371245,123.77263091699018
203,44,12524,5,Jelek,29,Pria,67.3753201446745,-14.28154176860457
204,26,9456,2,Buruk,19,Pria,59.51209687772243,-101.66834162460799
205,54,7212,4,Buruk,19,Pria,-49.56166842448201,-131.8398678021715
206,50,16224,2,Biasa,2,Wanita,-18.120135564139943,163.1905803296541
207,68,10970,4,Bagus,9,Wanita,-16.258883527346555,-153.84038847078358
208,59,19920,4,Biasa,13,Pria,86.07972033478049,-108.32636882306676
209,61,4625,2,Biasa,15,Pria,-57.4394577517983,-54.783954924103455
210,41,13314,3,Luar Biasa,3,Wanita,53.84843479886078,43.284545626003364
211,32,10973,1,Luar Biasa,11,Wanita,-29.845311448840214,16.128390699395425
212,49,11577,5,Biasa,21,Wanita,41.55666223970886,-134.76834273156697
213,49,11070,4,Biasa,14,Wanita,-14.39801922678069,-75.69792585424274
214,41,11666,5,Biasa,25,Pria,14.104757360977203,-94.04936240903133
215,58,6600,2,Jelek,8,Wanita,59.870119198703605,-103.1245723834771
216,69,9783,5,Luar Biasa,18,Wanita,54.749801697099144,-31.988038867204665
217,66,16226,2,Biasa,19,Wanita,65.95617303714602,73.45132293299648
218,66,12146,5,Buruk,16,Wanita,-79.26888143796137,-101.71694440179506
219,69,7971,1,Buruk,2,Pria,34.56909954715407,-47.99560330692668
220,29,16490,1,Jelek,8,Pria,-64.80227219008268,-39.269726337181595
221,56,15951,1,Jelek,22,Wanita,-15.152657756686025,171.52435059674764
222,19,15312,1,Bagus,6,Wanita,8.74591470984393,163.67988847646478
223,20,4990,1,Bagus,12,Pria,-17.506892745570468,108.04952979074733
224,66,8299,1,Bagus,15,Pria,3.5301016445413467,-93.00278850509333
225,54,15997,2,Jelek,25,Wanita,89.37473558375146,-155.50656692699891
226,66,16472,4,Jelek,8,Wanita,-65.66088353168615,-65.91451042057508
227,34,7380,5,Jelek,4,Pria,31.582088160556594,-83.9539622038209
228,66,7757,1,Buruk,15,Pria,-18.719826050589262,2.1332880527018006
229,19,13395,2,Jelek,28,Pria,-66.05823619668082,99.98204762440548
230,19,19241,2,Buruk,20,Pria,-61.427382592624284,128.99625799638886
231,45,8588,2,Bagus,25,Pria,80.86915912421105,124.15107074778308
232,40,7944,4,Bagus,17,Pria,68.32826940811717,-50.516797959695594
233,54,16395,5,Bagus,13,Wanita,73.26755287470394,67.40436364584585
234,49,7243,4,Biasa,18,Pria,88.47589964892958,-67.3796888912808
235,50,12916,3,Biasa,2,Pria,-52.50322979846677,-158.07400443533422
236,18,12984,2,Luar Biasa,13,Pria,-26.020919274468888,72.56349561705923
237,36,4759,3,Luar Biasa,13,Pria,30.459425386476013,-176.46208107487638
238,19,12181,1,Luar Biasa,22,Wanita,-2.9155428250834916,-32.69426851494413
239,61,5482,1,Biasa,15,Wanita,-14.689883991899961,-61.42346305125274
240,43,3951,4,Biasa,20,Pria,-25.593975119593253,69.61591386678688
241,49,5079,5,Luar Biasa,29,Wanita,16.880513749821404,95.8483701937364
242,23,5717,3,Luar Biasa,27,Wanita,13.606817155214756,-70.52593105033782
243,49,12692,5,Jelek,10,Wanita,-60.93758986843679,112.18572520014726
244,21,10311,4,Luar Biasa,29,Wanita,-5.0868292466809635,-74.18996621822384
245,28,3768,1,Jelek,3,Wanita,9.624919717772983,-19.32251040483797
246,34,8490,5,Buruk,19,Wanita,12.651648971650289,81.72666972508824
247,55,18534,5,Biasa,3,Pria,-52.180705275776674,69.45128252092388
248,41,9645,1,Luar Biasa,22,Pria,43.60885060541162,175.452650032392
249,22,8232,3,Biasa,14,Pria,-85.46416293220747,-98.94203128226452
250,69,14485,1,Biasa,8,Pria,-26.13026600223072,58.434448874249654
251,51,8797,5,Biasa,27,Pria,50.438276736414025,39.48548697927987
252,23,15342,3,Buruk,23,Wanita,11.500725789972421,149.4354436164108
253,39,11038,3,Bagus,4,Pria,-42.99076214804516,-123.70962900784498
254,28,19002,1,Luar Biasa,27,Pria,35.091561481748585,90.64733889129587
255,65,16087,5,Bagus,28,Wanita,12.130369948093204,24.576701856756614
256,33,7873,4,Bagus,20,Wanita,53.32384970214969,-81.12028687635404
257,50,4481,5,Bagus,11,Pria,42.30453351416821,-9.20343090701732
258,26,13093,2,Biasa,26,Wanita,19.819425966522232,-59.840425054872796
259,23,17422,4,Jelek,11,Wanita,-2.128018444053481,28.552825003845925
260,33,19438,3,Biasa,27,Wanita,-66.02721737984578,140.0402198932797
261,46,10643,4,Biasa,11,Wanita,-42.96005678063092,24.949794388392718
262,20,18708,3,Bagus,2,Pria,-14.562094874924654,47.42007059757026
263,37,14271,3,Biasa,17,Wanita,17.873871661149963,6.749224961295397
264,53,15600,4,Bagus,9,Pria,2.4674139387548735,-161.58041767962868
265,36,13998,3,Jelek,28,Pria,-38.12678532728469,-96.17091952460608
266,43,17295,3,Luar Biasa,28,Wanita,-88.8364155978521,-2.879377404450196
267,20,13682,2,Bagus,2,Wanita,-0.6769400578534857,-68.31529785190628
268,36,19380,5,Jelek,29,Wanita,-38.587322058796246,-114.56510480597008
269,37,11519,5,Luar Biasa,24,Pria,42.22949412789632,1.4878230906377894
270,49,6300,2,Buruk,15,Wanita,-85.68967225131297,-63.78847435877388
271,24,9722,4,Bagus,16,Wanita,15.269006035042352,-87.0812484575707
272,69,10218,1,Bagus,25,Wanita,79.46536275109176,-12.965249721462925
273,58,6054,1,Buruk,4,Wanita,-58.606331919930085,-132.01766709041766
274,50,16575,1,Buruk,8,Wanita,-5.10309166489283,153.98846390714664
275,57,10970,2,Bagus,9,Pria,-73.54404147291513,132.37275525092605
276,56,5143,2,Buruk,26,Wanita,22.622744207043468,74.74341086659271
277,35,12503,3,Biasa,26,Wanita,9.09570250732061,-141.76302206815575
278,57,18149,1,Luar Biasa,5,Wanita,-16.67420564169018,99.31581160908951
279,18,15175,4,Luar Biasa,16,Pria,3.8478638652734105,110.86463811924682
280,28,11356,4,Luar Biasa,13,Wanita,71.38343852442182,96.39526237716154
281,45,18070,1,Biasa,7,Pria,-54.66702558400793,-138.9722806370732
282,42,3822,1,Buruk,26,Pria,-85.9383878930375,51.806864544395296
283,67,17289,1,Jelek,20,Wanita,65.09967924583816,120.3569264697835
284,40,9150,2,Buruk,17,Wanita,13.881074829823163,27.847224439080378
285,48,7425,2,Bagus,3,Wanita,70.31852198313163,52.706655082112036
286,47,19032,2,Luar Biasa,5,Pria,17.45014021437106,-14.989147406529781
287,59,5198,5,Buruk,19,Pria,55.828996192746445,10.334635158258948
288,52,6452,4,Jelek,12,Pria,-12.658794596073363,-167.62433099337892
289,24,12106,4,Bagus,29,Pria,44.974787631888375,50.02668791038246
290,33,16859,3,Biasa,27,Pria,74.34746404017409,-150.6790033591827
291,43,11705,2,Biasa,7,Pria,12.982133469997137,-23.39474603751958
292,65,13112,5,Jelek,28,Wanita,-57.45867289877168,-74.64416483973318
293,69,7841,5,Bagus,9,Wanita,-41.61642929456433,16.354062076216707
294,66,18358,4,Luar Biasa,28,Pria,-54.24397615846696,-131.97011921164545
295,19,4409,2,Buruk,6,Wanita,-45.565735032768075,68.99162471039455
296,18,7566,3,Bagus,29,Wanita,-34.84521911681345,106.20415329424935
297,65,14382,2,Biasa,26,Pria,9.924081615573925,-121.19239809246366
298,29,17596,1,Jelek,17,Pria,15.838493303489898,-142.44728855332244
299,22,3804,2,Jelek,16,Wanita,-13.230045496464996,-127.61442619655071
300,54,16221,1,Buruk,23,Pria,20.775740367750373,135.7659222834606
301,49,4279,1,Jelek,3,Pria,-75.31651338995414,10.148134232288214
302,26,16192,3,Jelek,21,Wanita,-74.1981173295312,-11.786041437299076
303,58,10083,4,Bagus,26,Pria,-59.07069713562148,-141.58374512315245
304,52,14093,2,Luar Biasa,4,Wanita,3.2539496472620613,53.84016243250625
305,36,15880,1,Buruk,10,Wanita,-51.48095783430356,132.47985308223235
306,65,18517,2,Bagus,5,Wanita,-39.00880737133608,118.14691295644309
307,33,5106,4,Luar Biasa,21,Wanita,-17.943689488861068,45.379695233088455
308,20,19086,4,Bagus,22,Wanita,56.13590232186837,-152.8996620053975
309,37,7831,5,Bagus,10,Pria,-87.50481553568518,-139.53707021663533
310,41,6186,4,Jelek,12,Pria,26.88818764259203,-162.24876464046312
311,50,5573,3,Luar Biasa,10,Pria,30.397775587323366,-87.30748206271105
312,41,15808,1,Buruk,29,Pria,53.75804046419458,-131.161871822264
313,69,5599,5,Buruk,13,Wanita,77.89552903085638,-86.3827055091238
314,28,7033,3,Luar Biasa,11,Wanita,-86.37518718912783,-41.37909994117379
315,66,11428,2,Jelek,22,Pria,-62.318933007621084,159.47380226560887
316,25,4304,1,Biasa,16,Wanita,69.51083293007875,39.73538152140915
317,53,11633,4,Bagus,8,Pria,-7.466658806337236,120.59056284586643
318,55,14372,1,Jelek,8,Pria,11.626315008023425,75.72654025643959
319,57,11996,2,Luar Biasa,27,Pria,29.344896670166534,-139.49887301041258
320,37,19458,5,Bagus,25,Wanita,32.23198880921473,84.93134629462156
321,52,8475,5,Buruk,8,Wanita,77.71327259697148,-80.9644026387152
322,65,10184,5,Biasa,13,Wanita,89.45089513410053,50.078824918094284
323,42,15875,4,Buruk,27,Wanita,39.62834296756924,-57.25368948852413
324,52,4622,3,Luar Biasa,2,Pria,-38.300182343072855,179.16201477527733
325,42,18988,3,Bagus,12,Wanita,68.35543241298186,-85.12146738115999
326,46,11041,1,Luar Biasa,10,Wanita,-81.14023538266291,-79.51303052126292
327,35,19725,4,Bagus,12,Wanita,-48.40544648259068,155.04201200246337
328,63,10992,5,Jelek,11,Pria,71.52942914346869,-171.12801433092383
329,35,18646,5,Biasa,15,Pria,-43.88552740091611,70.80803563435089
330,19,7263,2,Jelek,16,Wanita,-50.28280926808527,81.11750066491612
331,52,17060,2,Jelek,17,Wanita,-65.1374472347555,121.09628786774374
332,33,18156,5,Luar Biasa,26,Wanita,64.64011637644498,170.79815182985112
333,58,11646,5,Biasa,2,Wanita,0.010486654395606365,171.21669089639488
334,53,14664,4,Bagus,18,Pria,31.48077654974786,-156.500367276073
335,50,5969,3,Bagus,12,Wanita,-46.96805086649466,115.8621561910449
336,21,6028,2,Buruk,19,Wanita,46.44727578201898,52.67157611665726
337,50,6629,3,Bagus,26,Wanita,46.800998093177725,53.04316837431281
338,31,6067,4,Luar Biasa,23,Pria,-33.732355516505976,-133.79402641870988
339,38,8941,5,Jelek,18,Pria,-16.07712605814909,54.0673799204352
340,65,14555,3,Jelek,17,Wanita,-52.25575006256385,173.6937290164492
341,37,16081,5,Jelek,6,Wanita,85.78098419812278,148.25468503420092
342,25,9819,5,Biasa,25,Wanita,26.208463870514095,-21.9129621102538
343,24,14046,1,Bagus,15,Wanita,78.2178985287928,-165.61872961700604
344,20,5711,3,Luar Biasa,3,Wanita,-35.39060214675603,-49.574343599926266
345,34,7853,3,Biasa,6,Pria,50.74036433944016,117.50051217619989
346,50,10715,5,Buruk,3,Pria,47.85455589925357,72.53967652745976
347,65,11942,4,Luar Biasa,29,Pria,34.49801733597748,-14.636283986175698
348,29,18507,1,Luar Biasa,1,Wanita,83.81501554802406,-160.1634473428208
349,68,18826,5,Luar Biasa,13,Pria,-19.160039500863206,-26.31789798361106
350,39,4762,2,Jelek,28,Pria,-66.47088175384368,-11.151021701561945
351,39,18850,2,Luar Biasa,21,Pria,30.907594663930936,154.27999184188894
352,63,15112,1,Bagus,26,Wanita,41.27576408589712,50.790997289577405
353,47,15652,4,Luar Biasa,14,Wanita,13.510903222586634,-67.8049500043264
354,55,9122,5,Jelek,13,Pria,-52.77277923598867,9.114575202259687
355,55,3481,3,Luar Biasa,27,Wanita,0.8020695004839666,-156.22008918402238
356,62,17536,1,Buruk,4,Pria,-33.805847417556706,170.12456483390525
357,68,3153,4,Buruk,7,Pria,-13.05602492999597,-50.37843530493865
358,25,10617,3,Jelek,22,Pria,26.1393436520395,-7.967752231271106
359,44,4524,2,Bagus,10,Pria,44.13865368435023,-52.09776927470787
360,44,5120,2,Bagus,7,Wanita,-48.19955563775824,65.70422284183206
361,51,18048,3,Biasa,21,Wanita,-17.041435083548393,58.403576998653506
362,38,5343,1,Jelek,15,Wanita,-41.550917221506744,77.51603179048885
363,47,8136,2,Luar Biasa,15,Wanita,-54.24630950486356,-83.4684373397085
364,50,4240,5,Jelek,4,Pria,51.00969959925092,-66.35934678093625
365,45,3060,3,Biasa,23,Wanita,73.66548499865863,-134.90955680536513
366,64,12130,3,Jelek,23,Pria,-23.358206576776183,55.98358986460053
367,50,15312,2,Jelek,6,Wanita,45.23020638727803,-165.67303415916507
368,22,16350,1,Biasa,24,Wanita,71.45915208559398,35.16564078844527
369,65,15418,5,Bagus,20,Wanita,62.30235789544167,133.0905185465882
370,36,4252,1,Luar Biasa,26,Pria,-57.093590062939334,140.6995733842681
371,21,11363,4,Biasa,5,Pria,82.13253867240505,-18.3464062668138
372,52,12650,4,Buruk,20,Pria,-22.198240722696752,-14.650672243293457
373,66,19314,2,Bagus,12,Pria,-28.936680988709462,-152.29109411711374
374,34,7090,2,Buruk,1,Wanita,-78.76236108999954,61.47540915949287
375,61,9960,2,Bagus,28,Pria,-2.488742261121061,115.65339133422435
376,45,6004,4,Luar Biasa,8,Pria,-70.37754918463284,-91.9241803423033
377,47,19713,1,Luar Biasa,1,Wanita,-45.26283223306332,-28.331682611988725
378,46,6640,1,Jelek,5,Wanita,-32.95032808188935,121.9821612354973
379,63,4341,2,Buruk,22,Pria,55.58873822850313,135.7633683584237
380,23,14855,5,Bagus,6,Wanita,67.58795707126137,-92.45520710487867
381,52,3338,1,Luar Biasa,29,Pria,-35.556062856935455,18.205428434891132
382,58,8895,4,Biasa,21,Wanita,64.5656618240233,-110.70246577110225
383,54,15254,3,Luar Biasa,3,Pria,64.30156872656238,-143.32364490975965
384,41,14344,3,Biasa,15,Pria,47.63717106927723,148.00338050110474
385,46,4750,3,Bagus,5,Pria,-63.59487947726733,115.38270152355932
386,66,5421,5,Luar Biasa,28,Pria,34.25811244213122,93.6125646491426
387,63,10119,2,Luar Biasa,24,Pria,80.10433162450238,-162.44412522726944
388,48,8319,4,Bagus,14,Wanita,32.85728617808827,123.74236537569271
389,52,18896,5,Luar Biasa,18,Pria,-30.308967160589887,-22.30413267406186
390,50,14918,4,Biasa,16,Pria,0.10427713754963008,-56.737755613490535
391,69,16849,4,Luar Biasa,6,Pria,26.230507803189653,16.73148996913551
392,38,7873,2,Buruk,25,Pria,1.9026735711306486,-147.1128326195199
393,49,7806,3,Jelek,24,Pria,-68.40847048842544,92.39275776686355
394,40,11592,2,Biasa,14,Wanita,-33.828471962636286,29.67662767978652
395,50,15182,5,Buruk,27,Wanita,54.43128549965385,-112.82756512565969
396,20,19774,5,Bagus,24,Pria,65.05524829719315,-112.23640808314359
397,35,15045,5,Biasa,8,Wanita,-65.28599411119735,-113.67048543383729
398,42,7430,2,Jelek,29,Pria,81.42961543177043,-159.47914048130377
399,59,11820,4,Jelek,7,Wanita,-30.811928787250324,31.607441773806528
400,48,7232,4,Bagus,8,Wanita,29.216472971529598,122.52534393186289
401,20,14122,1,Bagus,13,Pria,45.328526272202595,-173.7006429645401
402,57,18023,5,Biasa,6,Wanita,56.150322234819015,-162.3583278103415
403,63,11007,4,Luar Biasa,18,Wanita,80.23494640066741,26.197299607300494
404,41,12018,1,Bagus,2,Pria,-33.67448135481193,115.01844673897887
405,67,4500,4,Luar Biasa,8,Pria,64.53116181927982,-62.373999395291904
406,49,9737,5,Buruk,11,Wanita,-66.29635738148274,-54.13881642922003
407,64,6294,3,Jelek,1,Wanita,36.90736314364669,34.684739098839344
408,39,7497,5,Luar Biasa,22,Wanita,43.55599131251745,-81.28335991530709
409,40,3614,2,Jelek,29,Pria,31.990183416237684,-170.4209882120337
410,19,12374,4,Luar Biasa,6,Wanita,-44.58334749567246,84.6822665165746
411,44,5667,4,Buruk,16,Wanita,67.1477664627366,45.23396865892312
412,59,16409,2,Bagus,27,Wanita,-59.6054765933289,29.072159660037272
413,19,19514,2,Buruk,20,Pria,-80.34573752625045,87.0062864370563
414,43,5983,3,Bagus,12,Pria,39.1436983101442,63.08310152233349
415,34,15651,4,Bagus,11,Pria,-4.414371258107934,-105.88248425580439
416,57,11230,4,Jelek,29,Pria,62.837643592561705,-53.106823100393584
417,50,9640,3,Buruk,27,Wanita,-20.988514609513388,-134.60034899569501
418,26,14779,1,Luar Biasa,29,Pria,-59.70985406861169,-133.25147516956284
419,60,18317,3,Buruk,10,Wanita,60.55959464457655,63.430468688354125
420,65,10564,5,Jelek,3,Wanita,8.803733695212898,129.09603851369934
421,56,18520,4,Bagus,13,Wanita,-55.944757369736124,166.58373019001004
422,46,16737,2,Jelek,27,Wanita,39.66911974556024,46.20496231779998
423,59,12323,5,Biasa,3,Pria,2.000454928110102,-113.72352359005549
424,43,18229,4,Biasa,15,Pria,18.776336803257564,-141.96587563838494
425,52,14713,3,Luar Biasa,16,Pria,-7.0382991228152605,112.62634975323283
426,67,11502,5,Jelek,29,Pria,59.167617087241155,28.35233148959975
427,42,3545,4,Luar Biasa,13,Pria,59.321288822948986,42.58260756493914
428,41,7346,1,Luar Biasa,17,Wanita,37.68998792838953,101.3263519516953
429,30,12996,1,Biasa,3,Pria,-71.02775206863679,73.17980198368258
430,24,18775,2,Luar Biasa,20,Pria,60.993695142732406,120.40497102819478
431,53,16919,4,Biasa,11,Pria,30.782336495923772,-159.76299403444375
432,62,6810,1,Bagus,27,Pria,35.46434988077391,89.10742922874175
433,37,10206,3,Jelek,21,Wanita,-24.663088727303105,126.30699263595437
434,18,12005,4,Luar Biasa,19,Wanita,68.27032010826122,-76.99138471500684
435,25,19371,3,Biasa,22,Wanita,40.56688804227434,50.56101863757104
436,63,15316,3,Buruk,11,Wanita,-69.733716024745,-66.90165701869005
437,33,11436,1,Luar Biasa,28,Wanita,-16.599953806890724,164.86958393368343
438,31,15984,4,Bagus,16,Pria,69.54846515282551,-167.96751392321863
439,29,3271,5,Bagus,21,Wanita,-81.50459369447178,28.725423779863803
440,68,13616,1,Buruk,3,Wanita,83.05499153556892,-120.05872306217456
441,40,7361,1,Biasa,22,Wanita,32.2492622975213,76.39927386377713
442,32,10069,4,Luar Biasa,6,Pria,23.647675975807786,-116.67949796928164
443,45,6430,4,Biasa,14,Pria,-41.29933383216155,-95.26202571659128
444,51,15676,3,Bagus,24,Wanita,-45.21747802694813,-2.0265080235271
445,19,13816,4,Biasa,18,Pria,79.5704795079472,149.34058199887613
446,49,5050,3,Bagus,17,Pria,-36.3109582378579,-103.7828260267305
447,40,14692,1,Biasa,4,Wanita,49.59095340941988,-128.07359239748274
448,39,4165,2,Buruk,23,Pria,-19.238076322725746,93.23165946745104
449,68,5033,5,Jelek,15,Pria,-64.93426725875328,0.22303164021514021
450,42,3145,1,Buruk,11,Pria,-88.07124641483539,148.2426404574377
451,39,17269,4,Buruk,26,Wanita,7.966320662745147,-127.21875942245677
452,39,10832,5,Jelek,3,Wanita,85.64018733880789,52.53404148829415
453,66,17286,2,Jelek,3,Wanita,-23.5554851143432,-96.16350738534659
454,69,5632,2,Luar Biasa,16,Pria,-25.70537988125193,-123.56624568540985
455,59,7494,3,Luar Biasa,5,Wanita,-28.063508787100425,66.0345894566174
456,23,18152,5,Buruk,21,Pria,3.697890714874518,33.72646316714395
457,32,12155,3,Buruk,29,Pria,-10.680320983627155,91.73788501043924
458,60,13426,1,Bagus,10,Pria,68.3846328108626,-68.59347247937436
459,54,13233,5,Bagus,19,Wanita,0.9937425102282589,-18.730203702411615
460,50,4828,1,Luar Biasa,25,Wanita,1.3964108739423864,-34.03019652104936
461,25,15260,3,Luar Biasa,4,Wanita,-65.09311295029981,174.27220702794511
462,61,12130,5,Bagus,29,Wanita,86.89311736386946,-74.79037557382036
463,61,7805,3,Bagus,29,Pria,-45.00487964361066,-73.86579419516393
464,22,3806,5,Biasa,19,Wanita,-76.79446785727151,-52.36264482170134
465,56,11202,3,Biasa,11,Pria,29.36632481553758,23.253869264515743
466,21,4868,2,Bagus,2,Wanita,17.16594662823708,-89.16381206505172
467,23,17561,3,Biasa,10,Wanita,-15.27378228130577,149.50437853653858
468,62,18512,2,Jelek,29,Wanita,-14.005397901477949,-84.35319664814514
469,49,17899,3,Luar Biasa,11,Pria,51.31150578835761,142.4936633616701
470,69,19220,5,Luar Biasa,25,Pria,-54.77172478206317,-142.74897708722952
471,47,18934,5,Bagus,20,Pria,57.64559741008014,56.362572863874846
472,64,8429,5,Buruk,16,Pria,26.77448050110327,146.5147866377677
473,52,12076,4,Bagus,19,Pria,-14.585440719685607,-119.25020217663737
474,57,6564,1,Biasa,23,Wanita,-7.5548490149036525,168.5977056357318
475,69,4389,5,Buruk,24,Pria,-43.803502706502755,-16.961990250415795
476,33,14593,2,Biasa,11,Pria,45.38057988545546,160.45743903876883
477,30,10274,5,Jelek,14,Pria,2.3174536149481924,63.65521570681693
478,67,13745,4,Biasa,2,Pria,-32.24618230502815,-71.42872684552144
479,59,17199,2,Jelek,23,Wanita,17.289020836971048,-112.2110910298417
480,47,18876,4,Jelek,28,Pria,89.23220136923814,-70.65538335896422
481,36,11245,2,Biasa,5,Wanita,-11.652789661820307,-146.513732665437
482,34,10214,3,Biasa,27,Wanita,75.72445214015153,-128.2075321164013
483,36,3726,1,Jelek,5,Wanita,-27.8969688135781,-142.3222414752668
484,45,16832,1,Buruk,19,Pria,-80.14811275350255,-27.740324253039205
485,43,14362,4,Jelek,21,Wanita,-53.2364208536828,106.4082154527311
486,54,13106,1,Luar Biasa,12,Pria,-14.634874201016842,-129.10192048211752
487,43,10657,4,Jelek,18,Pria,-50.465712852977575,-133.08464405795908
488,40,17551,4,Buruk,4,Pria,-89.959133120714,51.63442182623908
489,26,10906,4,Luar Biasa,22,Pria,74.7002767945549,-109.01412649149614
490,29,10287,1,Bagus,17,Pria,61.89829402156721,-144.860386280763
491,18,3892,4,Bagus,10,Wanita,43.612601667650495,-119.93451184599205
492,18,13222,1,Buruk,20,Wanita,-59.793372783714844,152.54330251563943
493,64,7675,4,Jelek,6,Pria,-68.33455628220251,115.72965099942871
494,51,4933,5,Biasa,25,Wanita,-77.83114509497103,-52.53675755216612
495,49,14873,4,Buruk,14,Pria,40.32525397912582,56.09547623786142
496,65,16239,2,Luar Biasa,11,Wanita,77.18543292381935,13.419242520493697
497,42,13874,4,Luar Biasa,11,Wanita,-12.503552235653345,63.76473485372301
498,57,8016,3,Bagus,29,Wanita,-68.55467904071133,65.76161488659335
499,62,16774,4,Luar Biasa,18,Wanita,2.2307077317791766,46.34424542159746
500,18,12752,2,Buruk,27,Wanita,-27.21025665744658,-84.20350732656891
501,33,18585,2,Luar Biasa,23,Pria,-22.531513617000414,-165.95768852538546
502,56,10291,1,Buruk,22,Pria,21.839512348027313,-15.995958483560827
503,22,3974,5,Biasa,18,Wanita,39.36926038719642,140.7505984886534
504,39,7133,4,Bagus,24,Pria,-70.09135220283105,25.019013066687336
505,46,17663,1,Luar Biasa,23,Wanita,-83.59375845483424,119.66077501268683
506,20,6972,5,Buruk,11,Pria,88.97945448342867,176.98476346604212
507,29,8295,4,Jelek,21,Wanita,-48.10889719520067,-121.09816651022055
508,43,16913,3,Bagus,12,Wanita,-80.31050551647736,69.03995009111364
509,33,12105,4,Biasa,5,Wanita,-55.8224407627344,62.745686532008875
510,68,11228,2,Buruk,23,Pria,-82.98758765727644,172.78396104898025
511,54,12903,2,Biasa,9,Pria,-19.4740389689091,174.81626422300815
512,39,6020,3,Biasa,27,Wanita,54.43232120123838,67.2043002206866
513,46,11987,1,Luar Biasa,25,Wanita,-28.575999043610288,-92.29867488641007
514,31,15880,5,Luar Biasa,9,Pria,-10.046986761894019,107.48010172701566
515,45,8233,4,Buruk,22,Pria,31.605619242138985,-141.4695116840263
516,22,12516,2,Jelek,10,Pria,1.6009326125784327,101.05174950178633
517,64,17559,1,Buruk,22,Pria,65.06022348383837,147.6706046920907
518,66,19701,3,Jelek,19,Pria,65.88642150823617,-42.17997788336331
519,47,5396,2,Biasa,1,Wanita,-88.21607481159235,47.02870619390896
520,63,4591,3,Bagus,7,Pria,50.048335166975846,-25.148616445142522
521,69,14303,4,Buruk,4,Wanita,-7.067951956498703,-22.40458020427377
522,22,9183,5,Buruk,1,Wanita,87.99129743465934,-68.26647992107678
523,29,4312,2,Jelek,15,Pria,-3.01822634242167,94.36666336211687
524,33,10314,2,Biasa,8,Pria,87.64127016989355,157.02356309994184
525,43,5139,4,Biasa,12,Wanita,45.82248501703259,158.670309324406
526,43,17688,1,Jelek,22,Pria,-45.25112076960486,-117.07873744502382
527,65,9924,5,Biasa,22,Wanita,6.911096271652383,134.9077138763638
528,38,3362,2,Luar Biasa,18,Pria,88.58441510614489,85.47531891376394
529,56,16481,5,Bagus,15,Pria,64.35550939534627,-88.97853575149587
530,53,6738,2,Buruk,17,Pria,-72.4739591175802,-155.77753934825478
531,50,5469,5,Bagus,29,Wanita,37.146959425799295,-83.52098392162392
532,47,19106,3,Buruk,14,Pria,-27.795674543253654,148.3949652413492
533,54,19940,2,Luar Biasa,14,Wanita,-88.74319286153734,47.944322962478026
534,40,12017,5,Biasa,18,Pria,-17.373425575140075,79.57967792323387
535,27,5808,1,Jelek,20,Wanita,-47.74420408950517,-87.4251536007255
536,22,19370,3,Luar Biasa,18,Pria,57.39646869368488,78.9797360069353
537,53,17870,3,Bagus,16,Wanita,-29.280490407762215,-169.87625773994745
538,51,15713,1,Jelek,1,Wanita,58.95426491168706,-44.884315521715024
539,69,10561,5,Biasa,23,Wanita,-89.89237100973685,45.63120547523923
540,48,5719,4,Luar Biasa,27,Wanita,-34.592552995298554,-127.40523640512473
541,27,14700,1,Jelek,11,Wanita,-46.59026142460285,116.28128680089651
542,36,6741,5,Luar Biasa,15,Wanita,-47.957875007650024,-95.38873242770929
543,49,12766,1,Luar Biasa,12,Pria,-77.72640844221671,54.821200614640645
544,18,6998,1,Biasa,8,Wanita,-56.31763132610969,-34.129028672881304
545,22,19077,2,Buruk,22,Wanita,9.998922579411584,34.57569437195298
546,62,3294,5,Jelek,20,Wanita,-37.55500688920599,-141.3178010535931
547,21,13177,4,Biasa,6,Pria,-14.868939180753372,-173.91139202822137
548,33,12882,2,Luar Biasa,3,Pria,-22.16396153750607,147.4431938569084
549,41,4136,1,Biasa,28,Pria,67.66288649998103,-82.93319684381419
550,33,5064,1,Buruk,24,Wanita,72.95381982189278,115.08372100096528
551,19,10009,1,Jelek,26,Pria,-1.267745101945195,179.7661081699921
552,66,15987,5,Buruk,13,Pria,-30.57192894319121,-103.88474712039198
553,45,7543,5,Bagus,13,Wanita,-70.77587327957454,-84.53853317399198
554,49,4007,2,Jelek,2,Wanita,81.6125182887771,58.62952354847965
555,44,8445,4,Buruk,5,Pria,-79.15914991794645,167.56150845622363
556,37,13706,2,Luar Biasa,17,Wanita,-36.42295003770952,149.69316534866783
557,41,17749,3,Jelek,6,Wanita,-36.348083789399254,1.0351872236105635
558,29,14718,1,Jelek,2,Wanita,-32.327768494761315,106.23970170962087
559,67,12439,1,Biasa,4,Wanita,-60.428368210966326,-131.13149288403562
560,52,16281,1,Luar Biasa,22,Pria,50.96905756626549,171.87774631344445
561,50,4435,2,Bagus,26,Wanita,-67.95038484612195,167.16716425295516
562,50,3571,2,Buruk,11,Pria,24.283198647569307,-121.05757516349846
563,68,5382,1,Biasa,8,Pria,-67.70771519295286,-72.20767507088162
564,60,8084,2,Buruk,12,Pria,-77.30358523326782,-143.94420089756392
565,54,19661,5,Bagus,8,Pria,73.69731066345776,-82.18166439665531
566,29,16507,5,Bagus,11,Wanita,-55.77682206263298,113.74408418947439
567,20,10059,2,Jelek,22,Wanita,57.82502782074678,-43.8063814205066
568,18,15771,1,Bagus,20,Wanita,8.03355679928444,-148.17709182716698
569,50,10491,2,Buruk,8,Pria,-75.98582647042147,-56.79881107959436
570,57,17527,2,Luar Biasa,29,Pria,81.98067445885215,173.29800032686086
571,27,17859,2,Luar Biasa,8,Pria,-45.546989941459344,46.68609429331306
572,60,11073,3,Jelek,26,Wanita,64.73616216346917,-30.182059293783198
573,61,12077,5,Buruk,17,Pria,-59.614198958778445,-120.0461351409828
574,46,14383,4,Buruk,20,Wanita,63.70971878553351,175.02364702213015
575,30,19378,4,Bagus,20,Wanita,-87.61881367704709,115.50564333472636
576,29,5353,3,Buruk,23,Wanita,2.120482182506521,-78.66817111766902
577,48,7799,2,Biasa,16,Wanita,48.49966429588022,-154.7752695403718
578,63,14939,3,Bagus,14,Pria,78.26319314870099,-159.6147993440791
579,19,5428,3,Biasa,11,Wanita,73.65638451716768,-136.66386617800782
580,68,14296,1,Jelek,7,Pria,57.53247651857609,29.076690101191787
581,67,10813,5,Luar Biasa,16,Wanita,69.87444293903474,154.35483163397726
582,52,17414,4,Jelek,13,Pria,-54.14045654932623,-1.1723659178455819
583,40,14801,2,Luar Biasa,27,Pria,-38.84682677188882,123.460373684231
584,34,14745,4,Jelek,15,Wanita,-37.985665514209465,-19.480816850469182
585,43,16025,4,Buruk,24,Wanita,-22.130292419694214,75.0900764764171
586,25,6356,5,Biasa,16,Wanita,-19.20227933066603,83.47418542314028
587,46,17288,4,Luar Biasa,27,Pria,8.01995843784158,-117.37306587479809
588,43,9540,4,Bagus,21,Wanita,-61.221642594040546,-49.96221876870777
589,27,19422,3,Biasa,23,Wanita,34.424399481478076,49.42877635368862
590,43,6342,5,Bagus,24,Pria,-59.83802292518883,-154.54922105362817
591,51,12078,1,Biasa,9,Wanita,-34.14447322118144,-49.84553240533563
592,68,5844,2,Biasa,3,Pria,0.6021235091077273,12.527807861229292
593,58,13396,4,Jelek,19,Wanita,53.359301074225925,178.64081749606993
594,24,16998,2,Luar Biasa,20,Pria,43.10446198297092,-9.167917455921327
595,21,16261,1,Luar Biasa,5,Pria,26.19618415389401,113.78043256115649
596,67,6093,2,Biasa,10,Wanita,-61.96081309556937,-24.455777376017608
597,62,14722,1,Buruk,17,Pria,8.468162210803996,106.7006601430952
598,28,14645,3,Buruk,15,Wanita,-74.25962967602062,34.349328583239014
599,46,18083,4,Bagus,23,Wanita,-22.074628176602857,139.17435894086339
600,53,3988,1,Bagus,25,Pria,-15.56702454780735,-32.060681153960445
601,42,9446,2,Jelek,8,Wanita,-82.83394089976431,37.549591135732385
602,38,19335,4,Biasa,15,Pria,-40.68214209540507,46.80672502277787
603,53,19133,3,Bagus,21,Pria,82.01690410796809,-29.74214095182961
604,27,4682,4,Bagus,14,Pria,81.65386940934411,-128.04766427250667
605,54,8626,1,Biasa,20,Pria,-26.581130234542925,-146.3186135115592
606,26,10424,3,Jelek,28,Pria,-82.24198038930167,-173.9982417841321
607,41,15857,2,Bagus,7,Pria,-57.762910920927325,134.47233512827728
608,52,15155,3,Jelek,21,Pria,-19.400797181962773,-94.86903159406997
609,66,14425,3,Luar Biasa,23,Pria,80.60034563446135,-103.8575702585635
610,52,4980,5,Jelek,12,Wanita,-64.58416856330672,84.97274415338359
611,65,18522,3,Buruk,17,Wanita,47.43285186027819,-64.79419928853898
612,53,11984,3,Buruk,17,Pria,-70.43714291255543,2.1760892682611654
613,35,18883,4,Jelek,10,Wanita,86.62636393042982,-121.49601649291574
614,66,8390,2,Buruk,29,Wanita,-21.309030160355704,165.5084597263089
615,56,4607,4,Luar Biasa,19,Wanita,49.542217001830096,126.56930400620547
616,49,9573,4,Biasa,14,Wanita,-28.33360509399627,130.96426426740118
617,41,8776,1,Buruk,11,Wanita,22.98039788858557,-33.56145051407813
618,40,6676,4,Buruk,2,Wanita,-55.43710474679339,94.45003693458222
619,49,6380,5,Jelek,18,Pria,-63.716216526546745,-128.20458405967915
620,54,11711,5,Luar Biasa,7,Wanita,78.85154512226364,-176.8971590669591
621,29,11782,1,Biasa,12,Wanita,75.17651002279803,-172.80974427190986
622,66,16997,2,Jelek,26,Wanita,69.74440923831884,31.176625465641763
623,30,9342,2,Jelek,2,Wanita,22.57802102998683,-16.05783411074131
624,40,9059,4,Luar Biasa,27,Pria,55.48827801893009,6.485525607067103
625,42,11884,4,Biasa,20,Pria,-77.57335135595251,-177.31326944980103
626,52,8655,4,Luar Biasa,18,Pria,-29.73797245967775,-27.83281692332673
627,58,15091,2,Biasa,6,Pria,-33.53343754371188,78.50453803230988
628,47,18251,3,Luar Biasa,24,Wanita,24.41615795147038,-20.6302672917231
629,34,3526,5,Jelek,10,Pria,-25.927600775284702,83.59891427240001
630,66,6224,3,Jelek,20,Pria,-63.26877930413745,-96.11317281713949
631,37,18069,3,Bagus,15,Pria,17.364073574437867,112.73112161342118
632,65,14536,2,Buruk,5,Pria,56.589105720434674,31.835246563242833
633,42,16547,3,Luar Biasa,20,Wanita,-21.217770997204823,-104.12528420523375
634,39,4763,1,Bagus,3,Pria,-66.19163128227329,-94.78062869262014
635,30,11712,4,Buruk,5,Wanita,-54.59612448369185,46.09096724503334
636,36,8797,1,Luar Biasa,25,Pria,-47.253005069510884,118.77825355647963
637,66,12208,5,Biasa,8,Wanita,-36.01843326098348,-30.37399846950413
638,53,8109,4,Buruk,8,Wanita,25.703112691135644,-87.0118455140668
639,29,19500,3,Jelek,8,Pria,18.170187216789415,132.12417848781615
640,58,5433,5,Bagus,12,Pria,35.29437508206705,60.93658503030056
641,36,19967,4,Buruk,24,Pria,-24.749642784327634,-18.68922457809245
642,29,7167,3,Buruk,23,Pria,58.3195773383961,-4.3559296994513375
643,26,11357,1,Jelek,8,Wanita,-53.26422099196315,-106.46767154289729
644,24,9154,4,Luar Biasa,11,Wanita,-5.572665446732287,45.648946823343806
645,45,11920,3,Biasa,14,Pria,54.16896987745744,-50.85269620456009
646,31,3213,1,Jelek,8,Pria,-57.57144340812854,178.43226360276572
647,48,6762,5,Biasa,29,Wanita,-70.22463952665908,-7.133934505720362
648,69,16399,5,Luar Biasa,24,Pria,69.06311418383814,-5.081181771739267
649,36,12768,5,Buruk,28,Wanita,-28.27266070334474,23.70664346784187
650,64,13640,5,Biasa,10,Pria,33.09662248362575,150.03216112274885
651,33,9731,2,Bagus,7,Wanita,-85.43725123249108,108.29451594951013
652,22,8791,4,Bagus,28,Wanita,34.20843991370093,-17.593174872777098
653,52,18822,4,Jelek,17,Wanita,-33.101763921545306,78.73173575020655
654,29,11783,2,Luar Biasa,4,Wanita,-79.96664635426049,31.044779561074193
655,42,16621,3,Jelek,29,Wanita,19.76629707866107,-2.747862467550391
656,69,19019,3,Jelek,13,Pria,-46.655313106828814,-110.76632179763381
657,38,5720,5,Jelek,4,Wanita,-20.3746964306616,-12.982945156239282
658,53,11905,1,Bagus,5,Pria,-75.49545378842755,-91.50530867187312
659,40,12127,3,Bagus,26,Wanita,-63.51061480290984,149.3431739465957
660,33,19385,1,Jelek,22,Wanita,-36.364097610748125,-59.25354714131511
661,56,9368,4,Bagus,4,Pria,-73.84328989917171,162.81504523201403
662,62,17056,1,Luar Biasa,18,Pria,73.94872764353673,11.899904434096044
663,59,15236,4,Jelek,6,Pria,-88.91153222688388,47.35597632341771
664,56,17451,2,Bagus,24,Pria,-2.9051606044239406,15.458560016158003
665,31,13433,2,Biasa,24,Wanita,-67.81545753614074,-133.42297789198767
666,48,18525,5,Jelek,23,Pria,-34.61776389396926,-44.70436115714125
667,22,3089,3,Jelek,22,Wanita,76.69072076728779,-144.30739958005537
668,52,13361,5,Luar Biasa,2,Pria,-60.894980410682365,44.26345590601741
669,40,19369,4,Buruk,23,Pria,83.84981754929987,-19.125289727841988
670,46,6041,5,Buruk,11,Wanita,-52.957012141904094,100.07458976553727
671,60,3105,1,Luar Biasa,28,Wanita,43.48189952402933,-100.63062684022685
672,28,12078,4,Luar Biasa,14,Pria,8.401907681516107,-120.75621896543943
673,35,9090,2,Luar Biasa,5,Wanita,69.20617096741665,-33.72039685304358
674,64,9082,3,Buruk,6,Wanita,9.718785990563575,153.5707379586172
675,29,4925,4,Luar Biasa,10,Wanita,6.220659448135564,75.75185340446822
676,26,9917,4,Bagus,8,Wanita,-54.81755993368802,-29.187495074549275
677,27,3552,1,Jelek,14,Wanita,-60.07871483070143,6.217981111551808
678,61,6911,3,Jelek,24,Wanita,74.96804720079257,-149.6833159762446
679,34,6389,2,Biasa,3,Wanita,-30.989124206993864,174.44732269540071
680,55,16629,4,Biasa,12,Wanita,-23.025194106678725,59.9066296901708
681,24,5430,4,Jelek,16,Pria,46.7682585171099,-77.25453535316791
682,63,3458,1,Bagus,28,Wanita,-29.011773163894674,30.89102191748796
683,30,16395,5,Buruk,23,Pria,81.3712403950205,-140.58634821516216
684,57,3207,2,Buruk,17,Wanita,42.82699841978405,167.7012007707301
685,59,3899,3,Bagus,1,Wanita,17.537263663215597,-117.07740436198827
686,26,14653,4,Buruk,23,Wanita,68.56112889805544,53.29091449987709
687,67,19405,4,Luar Biasa,10,Wanita,-81.0709364970931,-91.63639348598504
688,44,11601,2,Jelek,25,Pria,-43.728715405942424,78.32209775347286
689,19,3894,5,Jelek,23,Pria,-6.29345984023621,99.65569220650116
690,22,3514,4,Bagus,10,Wanita,-49.14386289512622,62.43110240811575
691,46,7109,2,Buruk,21,Pria,43.90293371438736,41.21980569186931
692,54,16258,1,Biasa,24,Wanita,75.45744558967053,141.2888738227242
693,55,18313,5,Biasa,2,Wanita,-13.721378412433793,-151.6943840436871
694,36,18349,3,Buruk,9,Pria,-28.41613197985891,-60.87068431912974
695,25,10179,4,Biasa,22,Pria,83.07913178476193,-90.61650733289545
696,65,13326,2,Bagus,13,Wanita,-9.926562091042655,175.68502634355178
697,62,14787,1,Bagus,25,Wanita,-1.9712879191290256,-39.81967931992554
698,18,4560,3,Buruk,16,Pria,-26.703022978457035,83.74057172654352
699,39,16612,2,Biasa,18,Wanita,73.7187251421849,66.50105899716164
700,69,7780,2,Bagus,19,Pria,12.41198699073314,-103.65075450814402
701,34,14894,3,Bagus,12,Wanita,47.19142569269604,-93.96083512384152
702,24,5356,1,Luar Biasa,8,Wanita,56.12520930315955,-78.73755712090772
703,42,7790,1,Luar Biasa,17,Pria,-28.46717245489353,-31.99417982662348
704,62,19690,5,Bagus,15,Pria,-11.935020362331585,-95.64297636581036
705,21,13181,4,Buruk,10,Pria,62.724919393127635,-172.9254662111348
706,53,10057,3,Jelek,15,Wanita,-24.614036698354155,136.5815004505904
707,23,19082,3,Jelek,15,Wanita,52.90832402133324,167.61953929711825
708,48,3661,3,Bagus,23,Wanita,79.37861806339868,-57.03466066863554
709,36,7644,1,Bagus,7,Wanita,22.177867152241248,-58.13752340682977
710,61,18711,4,Bagus,13,Pria,43.49291174134001,-177.44694740122645
711,56,5920,5,Buruk,17,Wanita,54.91751616740427,64.89024779893467
712,44,19002,2,Luar Biasa,9,Wanita,62.107136801395654,117.15836246950636
713,27,17025,2,Bagus,8,Wanita,-18.89039918577673,-127.22101187039885
714,43,11946,3,Bagus,20,Pria,-80.77257734832033,-122.52011422782573
715,36,15732,4,Biasa,26,Wanita,-17.662271177386884,104.42996998971756
716,56,9236,1,Buruk,27,Wanita,31.276121361136163,41.86466940749207
717,20,19309,4,Bagus,21,Pria,-8.936930559457295,-163.85019925402187
718,62,16518,4,Biasa,18,Wanita,44.81336715487174,44.116916566421395
719,30,3352,1,Jelek,13,Wanita,-25.743162695640507,-68.78961977624422
720,67,10005,3,Bagus,16,Pria,24.25394539872532,-47.258944030495456
721,45,17036,4,Bagus,9,Wanita,-56.444435126284574,97.10331058687689
722,37,19542,2,Biasa,12,Wanita,44.88649859609225,111.93666936213981
723,45,3956,1,Buruk,12,Wanita,8.225274386344651,-35.87161433766096
724,25,5071,5,Bagus,6,Pria,-53.268410061611895,160.97505696228774
725,58,11595,3,Jelek,19,Wanita,-37.45598877039469,-33.673421537254
726,56,18140,1,Bagus,28,Wanita,44.749567544729814,97.86097268283959
727,18,15803,5,Jelek,7,Pria,-3.1317775809262827,-5.804184756866732
728,20,6453,5,Luar Biasa,25,Pria,-51.114340729247004,143.11163754795024
729,30,9675,4,Luar Biasa,3,Wanita,84.10881426665358,146.79404771406433
730,45,3955,4,Jelek,16,Wanita,38.72250356703984,-148.5299491664098
731,66,9295,4,Buruk,18,Wanita,82.28426985716331,157.13759927168127
732,42,18921,1,Bagus,16,Wanita,-13.121091835138216,117.19254294734964
733,50,18282,1,Bagus,23,Pria,-4.481938675490312,104.8718571525601
734,55,7703,3,Luar Biasa,7,Wanita,71.63193891330346,-107.67191771321193
735,23,9563,4,Jelek,4,Pria,4.508881244169231,109.84291515167939
736,61,15003,5,Bagus,27,Pria,37.31020414302009,126.04778448661324
737,62,13817,2,Bagus,25,Wanita,-44.6088820508046,-75.90587959650566
738,49,14171,3,Buruk,8,Wanita,-9.589235633524709,162.81362821043655
739,62,15582,1,Biasa,13,Pria,-67.77902415413608,-162.05034729630086
740,64,15201,3,Luar Biasa,13,Pria,-52.9235935421469,-126.03266883102972
741,38,15473,3,Luar Biasa,17,Wanita,-89.8301852518264,13.529209698545145
742,33,12461,3,Biasa,17,Pria,-82.93229070324116,27.285289604031476
743,38,18596,3,Bagus,5,Wanita,85.91108817184727,52.254029988325215
744,28,3529,2,Buruk,6,Wanita,-46.37633487538279,-173.8911134464321
745,54,15765,4,Buruk,19,Pria,29.395927710720358,165.73203886396692
746,53,16910,5,Luar Biasa,13,Pria,61.03794578393007,-163.94828661570816
747,52,14561,3,Buruk,25,Wanita,9.11888266258157,-128.49769701957513
748,36,12131,3,Biasa,28,Pria,-62.43398998488789,-174.95477369061948
749,37,3525,3,Bagus,26,Wanita,41.060958720509944,24.06903598587408
750,35,19385,4,Biasa,14,Wanita,18.045253817924944,155.61607821155002
751,64,3374,1,Jelek,22,Wanita,41.62510608252751,59.74097978896711
752,58,15197,1,Luar Biasa,4,Pria,48.554392114275686,116.15668865295385
753,66,7648,2,Buruk,28,Wanita,85.57386618325413,-175.21876675491117
754,31,5365,1,Jelek,7,Wanita,13.241390404807802,15.125507452701385
755,32,4646,3,Buruk,8,Wanita,-28.50459971569167,-14.557328098012135
756,48,3013,3,Bagus,25,Wanita,26.72362024204267,-0.3715400805145066
757,18,7599,3,Bagus,13,Wanita,-77.68067233632729,-154.00325327933234
758,20,5278,2,Bagus,27,Wanita,71.53151729788553,66.3967299849507
759,33,17296,3,Buruk,6,Wanita,-68.51141795912457,1.1593493491083962
760,40,6155,1,Jelek,6,Wanita,-30.988289180552712,95.45358595005501
761,28,11321,4,Bagus,24,Wanita,56.83416851270175,-5.29537173778246
762,29,6814,4,Jelek,28,Wanita,17.516228099528135,-126.22261095848445
763,27,16125,5,Buruk,21,Wanita,-19.14560635006042,53.372503468015935
764,49,6216,1,Jelek,3,Pria,-4.781581312496144,-117.94090964214016
765,33,5113,3,Buruk,28,Wanita,63.818530776392464,134.06204280773335
766,25,13238,4,Buruk,3,Wanita,-28.799210509219414,40.72184606492695
767,55,16760,1,Luar Biasa,13,Wanita,66.53694326619083,-123.40660191949647
768,29,15588,4,Buruk,22,Pria,-74.13580242419553,166.44170069323445
769,41,6374,3,Buruk,2,Wanita,49.823718697553545,6.611566800715423
770,45,9430,4,Biasa,16,Pria,62.55857394985253,-153.7565573262042
771,25,14970,5,Bagus,22,Wanita,-57.27282248927902,45.65984558942421
772,45,3629,5,Luar Biasa,29,Wanita,-12.53762417300392,-88.84839347538832
773,53,19653,4,Luar Biasa,6,Pria,-60.210040560541984,109.3296426758289
774,43,13831,1,Luar Biasa,8,Wanita,37.1887432189592,114.41594648382863
775,25,8724,1,Biasa,23,Pria,6.3625982510982055,172.42104810767825
776,67,14083,1,Buruk,8,Pria,24.358202407497785,0.6730311688213249
777,45,16149,4,Bagus,25,Wanita,-54.632345947881994,-16.21552329801463
778,45,12472,1,Jelek,6,Wanita,-51.885744830564484,91.25121796073302
779,54,9276,3,Buruk,14,Wanita,-82.53048140821686,-132.31056371690644
780,58,18635,5,Biasa,3,Wanita,-32.027843664768646,16.889584965524705
781,53,8895,3,Buruk,10,Pria,10.754039040061485,16.64913604710634
782,44,16994,1,Buruk,3,Pria,64.4282845195192,-147.7896757882606
783,34,13552,3,Biasa,27,Wanita,30.046940542562524,-29.525729217511127
784,26,19959,1,Luar Biasa,12,Pria,-11.628661788044738,127.18252748419269
785,50,9099,4,Luar Biasa,17,Pria,81.56162059094481,128.21530391807772
786,37,12499,3,Bagus,27,Wanita,39.464136103649736,-144.27444062891485
787,30,6178,4,Bagus,29,Pria,77.42973651525901,-147.3404822107809
788,45,9116,4,Luar Biasa,5,Pria,4.965835188989814,-85.42962827930329
789,65,18563,2,Jelek,20,Wanita,-43.397230537234876,134.91578251943764
790,46,6568,1,Buruk,25,Pria,-80.49119645435005,-133.59506937354038
791,30,12847,5,Jelek,9,Wanita,40.695273267093086,79.19884894588063
792,63,17135,1,Buruk,21,Pria,-68.16546035900386,-143.58037693928284
793,52,4742,5,Luar Biasa,26,Wanita,-35.50047691104591,44.329627349217134
794,23,3619,1,Bagus,20,Pria,5.844763419101525,-51.81577231710787
795,35,4939,4,Bagus,7,Pria,11.594985800354578,104.00902666771213
796,68,19001,3,Jelek,22,Wanita,18.10497545768449,-95.8714384228691
797,22,3968,3,Bagus,4,Wanita,-60.07404053705389,50.112658580385556
798,64,17846,2,Luar Biasa,13,Wanita,-21.647267132103224,-95.15428755268142
799,42,3281,5,Jelek,13,Wanita,21.094960881054007,76.91770192037535
800,19,18360,5,Buruk,10,Pria,84.56739563408127,134.52409244186958
801,27,9262,5,Bagus,18,Pria,40.97360478594396,-134.35135231436638
802,47,4058,4,Biasa,17,Pria,76.06867627691241,131.97444789438129
803,67,13724,5,Bagus,20,Wanita,47.19817049655188,33.68709158914726
804,62,8178,3,Buruk,20,Pria,16.50905440063208,-134.24022328787137
805,22,9980,4,Jelek,13,Pria,-55.435793555457984,-26.08493207050367
806,50,12200,1,Buruk,17,Wanita,30.003417340652348,-122.09029434536475
807,18,4229,5,Biasa,22,Wanita,22.208321872783273,72.12523999196503
808,35,11467,5,Luar Biasa,4,Pria,18.44445068230796,93.19252839046186
809,49,5289,1,Bagus,1,Wanita,-1.8385437621166716,-141.91325270179237
810,64,4239,5,Jelek,1,Pria,5.15818871806961,2.210346970071953
811,66,8370,1,Luar Biasa,15,Pria,-29.80034511874127,113.26502016933017
812,28,19170,4,Buruk,13,Wanita,3.476284675614565,157.01869495835876
813,38,3125,3,Jelek,17,Pria,-54.43993697787391,4.866432027037206
814,43,15504,1,Luar Biasa,24,Wanita,54.93139152486782,162.10052050010654
815,42,18398,2,Jelek,26,Wanita,-56.56014815423259,12.848029364170742
816,39,9638,1,Biasa,8,Pria,-74.70606781989605,-38.09142194403313
817,44,9570,5,Biasa,18,Pria,-11.475715255711677,125.35312627904239
818,66,6249,4,Bagus,27,Pria,28.495339111091127,-2.5262242350879376
819,30,12110,4,Bagus,13,Wanita,-11.210971511962555,-10.115096196771702
820,50,10595,1,Biasa,23,Pria,-40.18425624876445,-3.4875038124618243
821,51,16605,3,Jelek,14,Wanita,10.47081310027933,124.84260067310834
822,58,15115,2,Biasa,8,Wanita,-27.53957962580401,119.49895500769878
823,52,9294,4,Bagus,8,Pria,77.91618422279396,-34.73280272152397
824,18,8757,5,Biasa,27,Wanita,76.07612512864299,-60.012050446611
825,38,15595,5,Biasa,26,Pria,0.4269275949771867,-2.9059113459134664
826,65,4969,3,Jelek,15,Pria,-30.980881076713466,26.198103505359256
827,23,13985,4,Luar Biasa,27,Pria,42.683834512195034,-94.1986041739211
828,45,7470,1,Bagus,13,Pria,-83.391670173048,105.82383049761262
829,34,13225,5,Jelek,7,Pria,-4.541578912142782,-4.866204336327769
830,22,12556,3,Biasa,5,Pria,-29.46178903133996,-59.74360256881455
831,48,12206,4,Biasa,17,Pria,75.69645931845983,-141.5444425329634
832,22,12991,4,Luar Biasa,28,Wanita,-87.83945509091714,-94.01574225470151
833,55,10519,4,Bagus,25,Pria,9.506677629302828,161.7412218321541
834,20,16669,4,Bagus,29,Wanita,43.31944459199269,-70.16411274497042
835,40,7612,4,Buruk,16,Wanita,-2.6967622456725735,-119.21065582786728
836,54,15373,5,Bagus,23,Wanita,-74.6274545707101,-14.157795004202455
837,54,18552,3,Luar Biasa,2,Pria,85.04305020502241,-69.44841239031047
838,27,17646,4,Buruk,22,Wanita,3.2418776476976205,-167.34266990237012
839,27,8238,2,Buruk,18,Wanita,20.553523977422046,-63.66772177940979
840,36,18577,2,Biasa,17,Pria,-47.41023911264868,15.879104618208686
841,34,18504,3,Biasa,7,Pria,-2.9703446807753124,18.616453927188104
842,38,6719,1,Bagus,13,Wanita,-12.753091447502072,-51.638788376320065
843,31,3302,1,Buruk,18,Pria,-76.51874843964293,-18.971007749063773
844,26,15144,1,Biasa,29,Pria,-70.89113636145589,167.58645056451593
845,63,13055,2,Luar Biasa,14,Pria,60.745053531379426,-44.15454819708782
846,18,7440,1,Biasa,18,Pria,-46.83240860281376,-87.03834722640613
847,68,6072,5,Biasa,13,Wanita,-54.907511130246505,-92.35186413596635
848,62,16598,4,Buruk,11,Pria,0.8840612250250643,-15.204739426511708
849,30,17287,2,Buruk,21,Pria,48.374483645252326,93.42725353809988
850,21,16965,3,Jelek,21,Pria,-78.84962665578217,-105.84425369214965
851,18,12519,3,Luar Biasa,16,Wanita,13.825425534886051,75.34660577067649
852,66,16380,4,Buruk,23,Wanita,-68.5421202886968,-172.38606359421013
853,57,14865,2,Bagus,17,Pria,-83.43701085138868,-29.18412792577942
854,49,11125,1,Luar Biasa,8,Pria,-80.50608861080087,99.31142347300329
855,51,6291,1,Luar Biasa,19,Wanita,60.149539477519454,-58.056135921204685
856,45,7033,5,Buruk,20,Pria,-68.76495294694891,22.945356520343807
857,48,8105,5,Luar Biasa,15,Pria,-81.87275440578745,-106.20747618267211
858,25,11133,1,Buruk,9,Wanita,-11.178020314275784,87.11834080542201
859,56,19958,3,Biasa,20,Pria,61.91882494956445,-161.17952282324654
860,43,8704,3,Jelek,10,Pria,-42.76649223192565,126.91535215518013
861,51,10848,5,Biasa,12,Wanita,-14.091728845335055,-108.64930088819946
862,20,15975,4,Buruk,21,Wanita,-82.81394413852477,134.78329141499904
863,67,9924,1,Buruk,23,Pria,-9.16586745572235,-53.08947313181376
864,29,3488,5,Biasa,20,Wanita,13.970354514684061,80.16608681081516
865,18,10114,5,Bagus,1,Pria,12.763269675386056,-65.07889279697216
866,61,18740,1,Bagus,25,Pria,-30.16319540861427,146.1282016444731
867,22,6173,1,Bagus,20,Pria,-33.20402748063561,-134.41063481338523
868,47,4667,3,Buruk,9,Wanita,-70.80774859141238,-115.73287586186447
869,47,7114,4,Luar Biasa,22,Wanita,-23.976302283671686,-2.5091549428311737
870,34,6553,4,Buruk,15,Pria,-72.09095960286636,-150.5021619462674
871,65,10761,1,Luar Biasa,1,Pria,47.98727004816928,-109.4471335073657
872,64,4000,2,Biasa,12,Wanita,83.92937359467345,159.75589759632516
873,40,18638,5,Jelek,3,Wanita,84.61340220000724,171.53627801323938
874,32,8450,5,Luar Biasa,11,Wanita,65.7127978875709,-44.54664144104811
875,54,6712,1,Bagus,2,Pria,18.142586881131436,152.38296756501683
876,38,4367,2,Buruk,16,Wanita,36.155825503898384,16.13688324243543
877,31,11189,3,Biasa,9,Wanita,-38.66295551752547,-82.89271228544386
878,19,12013,1,Bagus,15,Pria,23.538675631071712,72.86353958901552
879,28,19838,1,Biasa,12,Pria,-7.983081100822062,57.204650366948584
880,68,6726,5,Jelek,1,Pria,-3.236878840152144,176.085114879144
881,56,7806,1,Buruk,13,Wanita,46.39978086752842,-84.58297653265801
882,55,5190,1,Buruk,14,Pria,-39.2546959924947,61.94142095822474
883,51,12108,1,Jelek,25,Pria,-32.75286989498642,-161.2714481893991
884,55,15178,5,Buruk,25,Pria,76.43552240315461,-139.08742606918102
885,67,5875,3,Luar Biasa,8,Pria,-79.879626926825,-178.58938501760642
886,51,8592,3,Biasa,8,Wanita,-2.5858262855987277,179.8058451814823
887,35,15592,1,Bagus,27,Pria,74.3041440734151,108.81853097309198
888,47,11927,5,Jelek,12,Wanita,19.86534140726826,103.22028530407471
889,32,17437,3,Luar Biasa,1,Wanita,8.35327335818377,3.5013871037446904
890,44,14530,3,Bagus,11,Wanita,-45.04604773871606,-71.97585015404162
891,68,10010,3,Bagus,8,Pria,-28.210411968399313,-125.54485759343666
892,51,14207,5,Jelek,10,Wanita,63.36871484484473,-77.51709401527309
893,69,5989,5,Luar Biasa,19,Pria,10.659263718322464,-44.65036010550992
894,55,15040,1,Bagus,11,Pria,2.6535948762203816,92.27163491290588
895,50,12218,4,Bagus,7,Pria,-72.07565156279479,14.278244005134866
896,41,9471,3,Luar Biasa,11,Wanita,-87.11493183807784,-152.10589444002625
897,32,5863,4,Buruk,17,Pria,83.46333396366884,-173.5095567747916
898,47,13693,5,Bagus,1,Pria,-22.1424898883685,-143.16041536773727
899,59,4177,5,Biasa,26,Pria,18.578351177910776,-32.220463068943445
900,68,7760,5,Luar Biasa,29,Wanita,-75.6512868262887,155.94945013764658
901,34,3011,4,Bagus,21,Wanita,32.96057143014838,49.46489323531978
902,22,19353,5,Jelek,21,Wanita,77.86200756707296,108.65732395518546
903,46,14556,1,Biasa,8,Pria,13.619745539535543,-12.105145978362515
904,21,14563,5,Bagus,23,Wanita,-67.2992419724261,-49.800210049784596
905,27,17051,2,Biasa,24,Pria,14.709874945225806,-140.9758658220158
906,34,14022,4,Biasa,6,Pria,47.94249835883744,135.3358879870338
907,27,11234,2,Buruk,22,Wanita,-16.84502341667664,101.93761045004504
908,34,19173,5,Biasa,18,Pria,68.3707946294642,-119.47748486481896
909,37,16178,1,Buruk,6,Wanita,26.7629316043256,4.4138029954537785
910,41,9570,3,Luar Biasa,5,Pria,71.86480529205645,-4.545069148351843
911,22,3406,5,Buruk,13,Wanita,22.230956024520694,45.03295896715031
912,51,12206,1,Jelek,19,Pria,-66.36816503913164,160.62728183685402
913,23,7431,4,Bagus,22,Pria,-34.25549200106596,28.71771903449266
914,19,9542,2,Luar Biasa,8,Pria,-53.676909314557754,14.478216040302698
915,30,11906,2,Luar Biasa,9,Pria,73.58876958903522,-161.88374414352097
916,60,7146,2,Jelek,17,Pria,46.87201211174687,-157.35330863351138
917,60,15046,4,Buruk,3,Wanita,31.751706403801094,-112.555155122356
918,65,15611,1,Bagus,19,Pria,-35.826062466308095,-168.31052219097063
919,28,16076,4,Buruk,11,Wanita,-56.871941030961565,87.60704240520448
920,68,19524,2,Biasa,24,Wanita,46.16119583800412,80.39890943782672
921,64,7882,5,Buruk,17,Wanita,-4.651569741765655,-131.01975560460855
922,40,17113,3,Luar Biasa,21,Pria,-49.35788061288676,120.98840428630115
923,33,16645,4,Bagus,19,Pria,20.99195606974952,-124.27702745539969
924,48,9012,4,Buruk,2,Pria,-82.73990661507864,-71.57678868095083
925,28,10151,1,Bagus,8,Wanita,-31.289354256914365,-90.36831630190859
926,33,6610,1,Bagus,19,Pria,-5.65974097359576,-45.9694445137028
927,25,12884,4,Biasa,7,Pria,-63.36749986030695,-88.32104427961373
928,21,9894,2,Biasa,28,Wanita,87.23780596635112,-3.9776664821572467
929,57,16467,3,Luar Biasa,27,Wanita,-52.36247437386943,-33.33316271231325
930,21,19489,1,Jelek,17,Wanita,-66.5364365922122,175.16501668055753
931,42,12873,2,Bagus,6,Wanita,-53.36372270035865,-159.86651395383876
932,20,15289,5,Jelek,19,Wanita,48.43100396875036,-128.81470450055343
933,49,15208,1,Luar Biasa,24,Wanita,-13.40898133106829,-160.9826781929031
934,20,13828,2,Bagus,6,Pria,11.774869155456841,45.30283019365527
935,44,5137,2,Bagus,28,Wanita,-86.21835174245507,-160.37666013106096
936,46,4286,3,Jelek,2,Pria,-83.80236445680337,121.11830545540437
937,49,18710,3,Buruk,6,Pria,-9.751401031137092,4.297907045494014
938,67,14371,5,Biasa,23,Pria,56.99794377629223,9.722744849352125
939,68,18945,2,Buruk,5,Wanita,69.34299816736174,22.174022776389904
940,36,10052,2,Jelek,19,Pria,-74.39281783278476,-118.50706572976414
941,38,6654,3,Biasa,20,Wanita,6.905358378184104,-108.83149087878448
942,22,18600,1,Buruk,4,Wanita,74.38134353026868,-65.22576376571831
943,35,11636,1,Biasa,22,Pria,-20.16490420838045,33.65870969586652
944,45,9441,4,Bagus,26,Wanita,59.321849657106355,-104.35760066152277
945,59,12667,3,Buruk,17,Pria,-65.93478220810148,-138.12057823202596
946,39,15149,4,Biasa,11,Pria,78.37100814020377,169.2420791106356
947,38,4798,3,Biasa,4,Wanita,45.25619715563448,-172.08654666853576
948,23,12600,5,Biasa,26,Pria,79.44019070164231,108.97106592096776
949,18,8495,2,Buruk,13,Pria,31.79110203945116,103.69265384700793
950,22,12900,5,Luar Biasa,20,Pria,-24.58729224010314,-73.00291901576544
951,58,16673,3,Buruk,26,Wanita,78.87261105445003,-131.17441823736718
952,29,14130,2,Jelek,17,Pria,-40.39798026434787,-127.57368718604758
953,43,18222,1,Buruk,9,Wanita,-30.208946028888143,71.0753822053893
954,63,4300,1,Biasa,4,Wanita,36.14551524031326,51.410372791022525
955,51,12435,4,Bagus,23,Pria,47.756933914569515,101.78844273049924
956,66,7616,3,Buruk,28,Pria,77.29262709284768,157.4932220636777
957,31,19393,3,Buruk,14,Wanita,-53.13556636988229,69.09385077597312
958,43,13617,1,Biasa,19,Wanita,53.63964633946031,-123.89344684148035
959,62,8752,5,Bagus,26,Pria,42.93828961145343,-92.36065796445216
960,44,12852,2,Bagus,28,Pria,-78.51697987435239,123.18974311432123
961,26,9295,5,Jelek,3,Wanita,-20.299834582162745,-104.64981269968492
962,43,6225,5,Buruk,14,Wanita,-39.10221772918226,-153.8919658963867
963,64,4316,1,Bagus,8,Wanita,-35.19172361627453,73.18081945521016
964,39,15337,1,Bagus,24,Wanita,86.93043831984616,-35.090512023548854
965,64,9807,1,Luar Biasa,27,Wanita,25.699934426387017,151.2144189165253
966,47,6683,4,Luar Biasa,28,Pria,39.18170840282991,54.09182559371814
967,60,10227,5,Bagus,1,Wanita,85.79117471670165,-147.44916799500214
968,65,6273,3,Jelek,10,Wanita,-22.103679157625038,161.22836421131785
969,34,3145,2,Bagus,18,Pria,54.331230321505075,-86.91938508951148
970,43,8010,4,Biasa,16,Pria,-11.78442660519083,-58.60350345373713
971,53,19035,3,Buruk,8,Wanita,66.51606092669635,-35.186251073924865
972,18,6040,5,Jelek,1,Wanita,-57.48164256396543,-161.55925329444722
973,25,12654,1,Biasa,12,Pria,80.58351187157032,-1.2544479969822646
974,66,19866,5,Jelek,8,Wanita,-50.62109248604166,-135.6053432128948
975,52,17996,2,Biasa,24,Wanita,-31.28030874343233,-35.650682392193374
976,69,19336,4,Buruk,16,Pria,46.114602139220494,-53.74447632284965
977,32,11853,4,Buruk,18,Wanita,-19.12407451822679,98.22243003354123
978,64,14695,2,Luar Biasa,4,Pria,19.4780478179604,109.14138418778322
979,39,5852,3,Biasa,6,Pria,-9.976769807502876,-124.77136233992832
980,31,19014,3,Luar Biasa,12,Pria,43.626588676160736,-48.041572543478566
981,43,3987,4,Biasa,27,Pria,-48.90037457365005,-45.592862028540594
982,45,10622,4,Luar Biasa,9,Wanita,-79.47756229736214,-125.49224018300939
983,40,12160,1,Buruk,15,Pria,-36.012708454848074,107.4432618184286
984,31,9652,3,Jelek,16,Wanita,-4.624440323682549,74.60219820075238
985,41,10421,2,Luar Biasa,24,Wanita,-59.75639060531786,-111.4625569330675
986,19,3769,3,Biasa,12,Wanita,-26.136487861850036,-47.980112906232335
987,62,17114,1,Biasa,24,Wanita,-18.00305670715767,-141.9101910516549
988,43,7358,4,Buruk,23,Wanita,-79.66946813611077,46.15437495349582
989,31,14543,4,Biasa,14,Pria,14.995304673156824,-136.30610716249691
990,68,8699,1,Bagus,13,Pria,69.18181703483174,174.9363007049704
991,24,4125,2,Jelek,25,Pria,-62.68627566845056,101.04554688763045
992,20,13793,4,Luar Biasa,2,Pria,17.605442412272524,-39.51412214976179
993,64,9764,5,Jelek,3,Wanita,29.65305688395233,28.283015620567596
994,40,15323,4,Buruk,26,Pria,-14.519757524528103,148.08305383790713
995,63,16031,5,Luar Biasa,24,Wanita,36.197565725568595,19.475740942497396
996,60,17052,1,Luar Biasa,22,Wanita,-16.068322171617837,-117.18054489673614
997,64,15640,1,Bagus,10,Pria,0.834711835938279,-43.666791990782656
998,62,10843,4,Buruk,9,Pria,-88.67645198020314,123.53215141070837
999,35,17210,3,Biasa,26,Pria,34.50962054424399,51.91668575626244
1000,55,19456,5,Bagus,20,Pria,29.041682210050396,54.2607783601681
